城市,景点热度,图片链接

香港,342757人去过,https://pic.qyer.com/album/user/213/10/Q0hWQxoGYg/index/cover

澳门,203673人去过,https://pic.qyer.com/album/180/22/1848224/index/cover

台北,135675人去过,https://pic.qyer.com/album/user/354/29/QkxRQBMPYA/index/cover

台湾,113671人去过,https://pic.qyer.com/album/user/1849/7/QEFRSxoAaEA/index/cover

北京,95045人去过,https://pic.qyer.com/album/user/1501/43/QExVQx4EZUg/index/cover

上海,91069人去过,https://pic.qyer.com/album/user/1500/96/QExVQhMBY08/index/cover

成都,83388人去过,https://pic.qyer.com/album/user/1503/17/QExVQRsAYUg/index/cover

广州,80290人去过,https://pic.qyer.com/album/user/861/28/SU9UQBICYg/index/cover

杭州,77011人去过,https://pic.qyer.com/album/user/1503/18/QExVQRsPZ0A/index/cover

南京,75740人去过,https://pic.qyer.com/album/user/861/28/SU9UQBIAYg/index/cover

厦门,72802人去过,https://pic.qyer.com/album/user/1071/98/QElSQxMPaEk/index/cover

深圳,70261人去过,https://pic.qyer.com/album/user/1503/19/QExVQRsOYUE/index/cover

重庆,67895人去过,https://pic.qyer.com/album/user/1503/20/QExVQRgHYE0/index/cover

三亚,66073人去过,https://pic.qyer.com/album/user/861/28/SU9UQBIAaQ/index/cover

苏州,64862人去过,https://pic.qyer.com/album/user/1503/23/QExVQRgEYU8/index/cover

城市,景点热度,图片链接

珠海,62817人去过,https://pic.qyer.com/album/user/861/29/SU9UQBMGYA/index/cover

西安,61891人去过,https://pic.qyer.com/album/user/1503/22/QExVQRgFYE4/index/cover

武汉,59612人去过,https://pic.qyer.com/album/user/861/28/SU9UQBIOZA/index/cover

大连,58682人去过,https://pic.qyer.com/album/user/861/46/SU9URhwOYg/index/cover

垦丁,57560人去过,https://pic.qyer.com/album/1bf/98/1963729/index/cover

天津,57334人去过,https://pic.qyer.com/album/user/861/28/SU9UQBIOYA/index/cover

济南,55791人去过,https://pic.qyer.com/album/user/861/28/SU9UQBIBYQ/index/cover

青岛,53911人去过,https://pic.qyer.com/album/user/861/28/SU9UQBIAZw/index/cover

丽江,52643人去过,https://pic.qyer.com/album/user/1503/19/QExVQRsOYUA/index/cover

桂林,49521人去过,https://pic.qyer.com/album/user/861/28/SU9UQBICYw/index/cover

长沙,48062人去过,https://pic.qyer.com/album/user/861/29/SU9UQBMHZQ/index/cover

无锡,47244人去过,https://pic.qyer.com/album/user/861/28/SU9UQBIOYw/index/cover

高雄市,46790人去过,https://pic.qyer.com/album/12a/96/1971622/index/cover

昆明,46716人去过,https://pic.qyer.com/album/user/1333/85/QEpWQRICY0g/index/cover

常州,45284人去过,https://pic.qyer.com/album/user/861/25/SU9UQB8BYA/index/cover

城市,景点热度,图片链接

沈阳,42354人去过,https://pic.qyer.com/album/user/861/47/SU9URh0CaA/index/cover

哈尔滨,41796人去过,https://pic.qyer.com/album/user/861/28/SU9UQBICZA/index/cover

大理,41298人去过,https://pic.qyer.com/album/user/861/28/SU9UQBIDZw/index/cover

花莲,39900人去过,https://pic.qyer.com/album/user/504/53/RElRRxkHYw/index/cover

长春,39397人去过,https://pic.qyer.com/album/user/861/48/SU9URhIGZg/index/cover

都江堰,37113人去过,https://pic.qyer.com/album/user/861/28/SU9UQBIDaA/index/cover

峨眉山,36636人去过,https://pic.qyer.com/album/user/861/28/SU9UQBIDaQ/index/cover

台中市,36390人去过,https://pic.qyer.com/album/user/596/21/REBTQBsFYA/index/cover

福州,35876人去过,https://pic.qyer.com/album/user/861/47/SU9URh0HYw/index/cover

开封,35736人去过,https://pic.qyer.com/album/user/861/47/SU9URh0FYQ/index/cover

扬州,35663人去过,https://pic.qyer.com/album/user/861/29/SU9UQBMHYA/index/cover

海口,35601人去过,https://pic.qyer.com/album/user/861/28/SU9UQBICZQ/index/cover

郑州,34775人去过,https://pic.qyer.com/album/user/861/29/SU9UQBMHZw/index/cover

宁波,34553人去过,https://pic.qyer.com/album/user/861/28/SU9UQBIAZA/index/cover

银川,34064人去过,https://pic.qyer.com/album/user/861/48/SU9URhIHZw/index/cover

城市,景点热度,图片链接

九寨沟,33082人去过,https://pic.qyer.com/album/user/861/28/SU9UQBIBYg/index/cover

威海,32277人去过,https://pic.qyer.com/album/user/861/47/SU9URh0AZg/index/cover

太原,31148人去过,https://pic.qyer.com/album/user/861/28/SU9UQBIPaQ/index/cover

兰州,29018人去过,https://pic.qyer.com/album/user/861/47/SU9URh0FZA/index/cover

乌鲁木齐,28986人去过,https://pic.qyer.com/album/user/861/47/SU9URh0PYw/index/cover

台南,28799人去过,https://pic.qyer.com/album/user/345/53/Qk1QRxkCZA/index/cover

九份,27047人去过,https://pic.qyer.com/album/user/454/67/RUxRRB0GYQ/index/cover

烟台,26706人去过,https://pic.qyer.com/album/user/861/28/SU9UQBIOaA/index/cover

连云港,25786人去过,https://pic.qyer.com/album/user/861/47/SU9URh0FZw/index/cover

洛阳,24488人去过,https://pic.qyer.com/album/user/861/28/SU9UQBIBaA/index/cover

武夷山,23698人去过,https://pic.qyer.com/album/user/861/47/SU9URh0PZw/index/cover

南通,22689人去过,https://pic.qyer.com/album/user/938/37/SEpdQR0PZA/index/cover

南投,22591人去过,https://pic.qyer.com/album/user/659/98/R0xcSxIFZA/index/cover

平遥,22566人去过,https://pic.qyer.com/album/user/861/47/SU9URh0EZQ/index/cover

南昌,22426人去过,https://pic.qyer.com/album/user/861/28/SU9UQBIAYA/index/cover

城市,景点热度,图片链接

淡水,22078人去过,https://pic.qyer.com/album/user/454/67/RUxRRB0PYA/index/cover

拉萨,22028人去过,https://pic.qyer.com/album/user/861/47/SU9URh0FYw/index/cover

佛山,21733人去过,https://pic.qyer.com/album/user/861/47/SU9URh0HYg/index/cover

绍兴,21531人去过,https://pic.qyer.com/album/user/861/28/SU9UQBIPYw/index/cover

清远,20738人去过,https://pic.qyer.com/album/user/938/40/SEpdRhoOZQ/index/cover

屏东,20572人去过,https://pic.qyer.com/album/user/426/65/RUtTRB8GZQ/index/cover

合肥,20382人去过,https://pic.qyer.com/album/user/861/47/SU9URh0HaQ/index/cover

婺源,19514人去过,https://pic.qyer.com/album/user/861/47/SU9URh0OYg/index/cover

石家庄,19411人去过,https://pic.qyer.com/album/user/3806/52/QkFVRB8FY0g/index/cover

黄山市,19325人去过,https://pic.qyer.com/album/user/938/22/SEpdQBgEZg/index/cover

敦煌,19133人去过,https://pic.qyer.com/album/user/1503/23/QExVQRgEYk4/index/cover

阳朔,18907人去过,https://pic.qyer.com/album/user/861/29/SU9UQBMHYQ/index/cover

嘉兴,18783人去过,https://pic.qyer.com/album/user/861/47/SU9URh0GZQ/index/cover

秦皇岛,18453人去过,https://pic.qyer.com/album/user/861/28/SU9UQBIAZQ/index/cover

腾冲,18349人去过,https://pic.qyer.com/album/user/938/24/SEpdQB4PZg/index/cover

城市,景点热度,图片链接

南宁,18298人去过,https://pic.qyer.com/album/user/861/47/SU9URh0EYQ/index/cover

中山,17892人去过,https://pic.qyer.com/album/user/861/48/SU9URhIFYQ/index/cover

稻城,17795人去过,https://pic.qyer.com/album/user/938/41/SEpdRhsHZg/index/cover

张家界市,17764人去过,https://pic.qyer.com/album/user/861/29/SU9UQBMHYw/index/cover

温州,17484人去过,https://pic.qyer.com/album/user/861/47/SU9URh0AZw/index/cover

西宁,16888人去过,https://pic.qyer.com/album/user/1503/22/QExVQRgFaUE/index/cover

泉州,16577人去过,https://pic.qyer.com/album/user/938/29/SEpdQBMDZQ/index/cover

香格里拉,15673人去过,https://pic.qyer.com/album/user/861/48/SU9URhIHYQ/index/cover

徐州,15324人去过,https://pic.qyer.com/album/user/861/48/SU9URhIHYw/index/cover

贵阳,15119人去过,https://pic.qyer.com/album/user/861/47/SU9URh0HaA/index/cover

保定,15047人去过,https://pic.qyer.com/album/user/877/54/SU5SRx4FZQ/index/cover

东莞,15024人去过,https://pic.qyer.com/album/user/861/46/SU9URhwOZw/index/cover

承德,14953人去过,https://pic.qyer.com/album/user/861/46/SU9URhwOYA/index/cover

北海,14688人去过,https://pic.qyer.com/album/user/861/25/SU9UQB8CZw/index/cover

镇江,14204人去过,https://pic.qyer.com/album/user/861/48/SU9URhIGaA/index/cover

城市,景点热度,图片链接

肇庆,13724人去过,https://pic.qyer.com/album/user/938/27/SEpdQB0CaQ/index/cover

安吉,13701人去过,https://pic.qyer.com/album/user/938/23/SEpdQBkCYA/index/cover

满洲里,13454人去过,https://pic.qyer.com/album/user/938/22/SEpdQBgFYA/index/cover

呼和浩特,13444人去过,https://pic.qyer.com/album/user/861/47/SU9URh0GYw/index/cover

宜昌,13264人去过,https://pic.qyer.com/album/user/861/48/SU9URhIHZQ/index/cover

桃园,13217人去过,https://pic.qyer.com/album/user/567/90/RE9SSxoBaA/index/cover

大同,12902人去过,https://pic.qyer.com/album/user/861/46/SU9URhwOZg/index/cover

西双版纳,12886人去过,https://pic.qyer.com/album/user/938/26/SEpdQBwCaA/index/cover

台东,12763人去过,https://pic.qyer.com/album/17e/88/1977960/index/cover

湖州,12759人去过,https://pic.qyer.com/album/user/2330/80/Q0pWQhIHY00/index/cover

日照,12471人去过,https://pic.qyer.com/album/user/861/47/SU9URh0CZA/index/cover

昆山,12040人去过,https://pic.qyer.com/album/user/938/25/SEpdQB8CaA/index/cover

呼伦贝尔,12027人去过,https://pic.qyer.com/album/user/938/31/SEpdQRsFZg/index/cover

景德镇,11908人去过,https://pic.qyer.com/album/user/938/37/SEpdQR0PYA/index/cover

台州,11838人去过,https://pic.qyer.com/album/user/938/33/SEpdQRkGZw/index/cover

城市,景点热度,图片链接

乐山,11794人去过,https://pic.qyer.com/album/user/861/47/SU9URh0FZg/index/cover

凤凰,11479人去过,https://pic.qyer.com/album/user/861/28/SU9UQBICYQ/index/cover

林芝,11417人去过,https://pic.qyer.com/album/user/938/22/SEpdQBgAZA/index/cover

丽水,11203人去过,https://pic.qyer.com/album/user/3898/48/QkFcSh4PZks/index/cover

嘉义,10924人去过,https://pic.qyer.com/album/user/402/77/RUlXRR0PYQ/index/cover

金华,10917人去过,https://pic.qyer.com/album/user/938/24/SEpdQB4BYw/index/cover

太鲁阁国家公园,10815人去过,https://pic.qyer.com/album/user/487/68/RUFSRBICYg/index/cover

惠州,10325人去过,https://pic.qyer.com/album/user/3338/80/QkpWShIHY0s/index/cover

上饶,9924人去过,https://pic.qyer.com/album/user/938/41/SEpdRhsGZA/index/cover

平溪,9691人去过,https://pic.qyer.com/album/user/616/49/R0hTRhMHZA/index/cover

嘉善,9529人去过,Array

基隆市,9307人去过,https://pic.qyer.com/album/user/826/82/SUtTShgCZg/index/cover

泰安,9119人去过,https://pic.qyer.com/album/user/874/77/SU5RRR0BZw/index/cover

吉林市,9010人去过,https://pic.qyer.com/album/user/938/36/SEpdQRwGYA/index/cover

恒春,8863人去过,https://pic.qyer.com/album/user/452/32/RUxXQRgEYg/index/cover

城市,景点热度,图片链接

九江,8720人去过,https://pic.qyer.com/album/user/861/47/SU9URh0GaA/index/cover

舟山,8514人去过,https://pic.qyer.com/album/user/861/48/SU9URhIFZQ/index/cover

宜兰,8304人去过,https://pic.qyer.com/album/171/48/1963327/index/cover

阿坝州,8212人去过,https://pic.qyer.com/album/user/938/39/SEpdQRMCZA/index/cover

嵊泗,8122人去过,https://pic.qyer.com/album/user/938/29/SEpdQBMEZQ/index/cover

嘉峪关,8121人去过,https://pic.qyer.com/album/user/938/32/SEpdQRgAZQ/index/cover

湘西,8105人去过,https://pic.qyer.com/album/user/938/25/SEpdQB8GaQ/index/cover

神农架,7605人去过,https://pic.qyer.com/album/user/938/22/SEpdQBgAYQ/index/cover

晋中,7304人去过,https://pic.qyer.com/album/user/938/35/SEpdQR8PYg/index/cover

丹东,7287人去过,https://pic.qyer.com/album/user/938/26/SEpdQBwGYA/index/cover

漳州,6980人去过,https://pic.qyer.com/album/user/938/32/SEpdQRgAYw/index/cover

保山,6829人去过,https://pic.qyer.com/album/user/938/41/SEpdRhsFZg/index/cover

韶关,6689人去过,https://pic.qyer.com/album/user/1957/81/QEBQRRIGYUo/index/cover

张掖,6666人去过,https://pic.qyer.com/album/user/938/27/SEpdQB0FYg/index/cover

甘孜州,6536人去过,https://pic.qyer.com/album/user/938/32/SEpdQRgBYw/index/cover

城市,景点热度,图片链接

大邑,6270人去过,https://pic.qyer.com/album/user/938/28/SEpdQBIGaQ/index/cover

日喀则,6171人去过,https://pic.qyer.com/album/user/938/31/SEpdQRsGZw/index/cover

葫芦岛,5927人去过,https://pic.qyer.com/album/user/938/23/SEpdQBkDZg/index/cover

乌镇,5788人去过,https://pic.qyer.com/album/user/861/28/SU9UQBIOYQ/index/cover

康定,5397人去过,https://pic.qyer.com/album/user/938/33/SEpdQRkDYg/index/cover

金瓜石,5178人去过,https://pic.qyer.com/album/user/547/44/RE1SRh4AZQ/index/cover

新竹,4986人去过,https://pic.qyer.com/album/user/365/52/Qk9QRxgHYA/index/cover

桐乡,4933人去过,https://pic.qyer.com/album/user/938/32/SEpdQRgCYA/index/cover

牡丹江,4850人去过,https://pic.qyer.com/album/user/938/30/SEpdQRoDZw/index/cover

西塘,4832人去过,https://pic.qyer.com/album/user/861/28/SU9UQBIOZw/index/cover

黔东南州,4619人去过,https://pic.qyer.com/album/user/2813/64/Q0FUQRwDZEA/index/cover

酒泉,4401人去过,https://pic.qyer.com/album/user/938/31/SEpdQRsAYA/index/cover

宜春,3852人去过,https://pic.qyer.com/album/user/938/24/SEpdQB4HYw/index/cover

额尔古纳,3844人去过,https://pic.qyer.com/album/user/938/32/SEpdQRgGYw/index/cover

彰化,3660人去过,https://pic.qyer.com/album/1ed/cc/1994815/index/cover

城市,景点热度,图片链接

青海湖,3569人去过,https://pic.qyer.com/album/user/861/47/SU9URh0DZg/index/cover

鹿港,3388人去过,https://pic.qyer.com/album/user/539/86/REpcShwAZg/index/cover

工布江达,3371人去过,https://pic.qyer.com/album/user/938/33/SEpdQRkOYg/index/cover

迪庆州,3320人去过,https://pic.qyer.com/album/user/938/31/SEpdQRsHYQ/index/cover

临安,3224人去过,https://pic.qyer.com/album/user/938/31/SEpdQRsCaA/index/cover

漠河,3206人去过,https://pic.qyer.com/album/user/863/42/SU9WRhgAYQ/index/cover

梅里雪山,3021人去过,https://pic.qyer.com/album/user/938/23/SEpdQBkFYg/index/cover

青城山,2938人去过,https://pic.qyer.com/album/user/861/47/SU9URh0DYw/index/cover

北戴河,2937人去过,https://pic.qyer.com/album/user/861/25/SU9UQB8CZg/index/cover

朱家尖,2894人去过,https://pic.qyer.com/album/user/938/42/SEpdRhgFZA/index/cover

蓬莱,2797人去过,https://pic.qyer.com/album/user/861/47/SU9URh0EYw/index/cover

金门,2749人去过,https://pic.qyer.com/album/user/422/95/RUtXSx8FYQ/index/cover

四姑娘山,2605人去过,https://pic.qyer.com/album/user/938/28/SEpdQBIEYw/index/cover

甘南,2560人去过,https://pic.qyer.com/album/user/938/37/SEpdQR0AZQ/index/cover

千岛湖,2559人去过,https://pic.qyer.com/album/user/861/47/SU9URh0EaQ/index/cover

城市,景点热度,图片链接

喀纳斯,2460人去过,https://pic.qyer.com/album/user/863/40/SU9WRhoAaA/index/cover

阿里,2338人去过,https://pic.qyer.com/album/user/3597/8/QkxcRRoPYEE/index/cover

延边,2305人去过,https://pic.qyer.com/album/user/938/21/SEpdQBsFZQ/index/cover

泸沽湖,2301人去过,https://pic.qyer.com/album/user/938/30/SEpdQRoEaA/index/cover

喀什,2258人去过,https://pic.qyer.com/album/user/938/22/SEpdQBgCaA/index/cover

昌黎,2245人去过,https://pic.qyer.com/album/user/938/23/SEpdQBkDZA/index/cover

汕头,2244人去过,https://pic.qyer.com/album/user/938/38/SEpdQRIHZQ/index/cover

波密,2170人去过,https://pic.qyer.com/album/user/938/21/SEpdQBsAaA/index/cover

伊犁,2155人去过,https://pic.qyer.com/album/user/938/39/SEpdQRMBZQ/index/cover

余姚,2123人去过,https://pic.qyer.com/album/user/938/32/SEpdQRgEaQ/index/cover

周庄,2028人去过,https://pic.qyer.com/album/user/861/29/SU9UQBMHaA/index/cover

宏村镇,2013人去过,https://pic.qyer.com/album/user/861/28/SU9UQBICaA/index/cover

宜兴,1949人去过,https://pic.qyer.com/album/user/938/36/SEpdQRwHZA/index/cover

常熟,1917人去过,https://pic.qyer.com/album/user/3277/62/QktSRRwFZkA/index/cover

理县,1890人去过,https://pic.qyer.com/album/user/938/26/SEpdQBwOZg/index/cover

城市,景点热度,图片链接

长白山,1835人去过,https://pic.qyer.com/album/user/863/40/SU9WRhoDYg/index/cover

莫干山,1833人去过,https://pic.qyer.com/album/user/938/28/SEpdQBIEYQ/index/cover

溧阳,1805人去过,https://pic.qyer.com/album/user/938/26/SEpdQBwHaA/index/cover

苗栗,1737人去过,https://pic.qyer.com/album/user/446/33/RU1TQRkCZA/index/cover

海西州,1721人去过,https://pic.qyer.com/album/user/938/34/SEpdQR4FYQ/index/cover

长岛县,1675人去过,https://pic.qyer.com/album/user/938/39/SEpdQRMOYA/index/cover

景洪,1659人去过,https://pic.qyer.com/album/user/2393/29/Q0pcQRgOZ00/index/cover

江孜,1645人去过,https://pic.qyer.com/album/user/938/26/SEpdQBwFaA/index/cover

义乌,1639人去过,https://pic.qyer.com/album/user/938/32/SEpdQRgAZw/index/cover

荣成,1632人去过,https://pic.qyer.com/album/user/938/39/SEpdQRMHaQ/index/cover

延吉,1624人去过,https://pic.qyer.com/album/user/938/27/SEpdQB0BYg/index/cover

江阴,1623人去过,https://pic.qyer.com/album/user/938/26/SEpdQBwPaQ/index/cover

阿勒泰,1586人去过,https://pic.qyer.com/album/user/938/40/SEpdRhoGYQ/index/cover

嵩山,1551人去过,https://pic.qyer.com/album/user/938/36/SEpdQRwDaQ/index/cover

汶川,1531人去过,https://pic.qyer.com/album/user/938/36/SEpdQRwHaQ/index/cover

城市,景点热度,图片链接

绿岛,1527人去过,https://pic.qyer.com/album/user/386/75/QkFTRR8OZQ/index/cover

瑞安,1517人去过,https://pic.qyer.com/album/user/938/43/SEpdRhkEZA/index/cover

歙县,1508人去过,https://pic.qyer.com/album/user/938/26/SEpdQBwDZA/index/cover

镇远,1453人去过,https://pic.qyer.com/album/user/938/28/SEpdQBIFaQ/index/cover

同里,1407人去过,https://pic.qyer.com/album/user/938/30/SEpdQRoOYw/index/cover

海盐,1369人去过,https://pic.qyer.com/album/user/938/39/SEpdQRMPZw/index/cover

顺德,1352人去过,https://pic.qyer.com/album/user/2918/79/Q0BUSh0OYks/index/cover

华山,1344人去过,https://pic.qyer.com/album/user/861/28/SU9UQBIBYA/index/cover

涠洲岛,1340人去过,https://pic.qyer.com/album/user/938/21/SEpdQBsFZw/index/cover

庐山,1326人去过,https://pic.qyer.com/album/user/861/47/SU9URh0FaQ/index/cover

禾木,1322人去过,https://pic.qyer.com/album/user/938/24/SEpdQB4EaQ/index/cover

象山,1321人去过,https://pic.qyer.com/album/user/938/24/SEpdQB4BZw/index/cover

吐鲁番,1297人去过,https://pic.qyer.com/album/user/2818/22/Q0FUShgFZ0o/index/cover

晋江,1294人去过,https://pic.qyer.com/album/user/3516/73/QkxURB0EYUA/index/cover

黟县,1255人去过,https://pic.qyer.com/album/user/938/27/SEpdQB0PYQ/index/cover

城市,景点热度,图片链接

雁荡山,1252人去过,https://pic.qyer.com/album/user/938/36/SEpdQRwCZQ/index/cover

潮州,1245人去过,https://pic.qyer.com/album/user/938/37/SEpdQR0AZw/index/cover

平潭,1244人去过,https://pic.qyer.com/album/user/938/26/SEpdQBwFYw/index/cover

色达,1228人去过,https://pic.qyer.com/album/user/938/23/SEpdQBkFaA/index/cover

海螺沟,1224人去过,https://pic.qyer.com/album/user/938/34/SEpdQR4GaQ/index/cover

海宁,1223人去过,https://pic.qyer.com/album/user/938/31/SEpdQRsEYw/index/cover

万宁,1199人去过,https://pic.qyer.com/album/user/2872/72/Q0FSQB0FYUE/index/cover

克拉玛依,1197人去过,https://pic.qyer.com/album/user/938/30/SEpdQRoEYQ/index/cover

夹江,1196人去过,https://pic.qyer.com/album/user/938/29/SEpdQBMAYw/index/cover

浪卡子,1194人去过,https://pic.qyer.com/album/user/938/30/SEpdQRoPZA/index/cover

布尔津,1192人去过,https://pic.qyer.com/album/user/938/25/SEpdQB8HYg/index/cover

长乐,1176人去过,https://pic.qyer.com/album/user/938/30/SEpdQRoCZg/index/cover

黄果树,1171人去过,https://pic.qyer.com/album/user/938/26/SEpdQBwFZA/index/cover

桐庐,1166人去过,https://pic.qyer.com/album/user/938/42/SEpdRhgEYA/index/cover

荔波,1162人去过,https://pic.qyer.com/album/user/938/27/SEpdQB0DZg/index/cover

城市,景点热度,图片链接

当雄,1153人去过,https://pic.qyer.com/album/user/938/27/SEpdQB0CZQ/index/cover

易县,1151人去过,https://pic.qyer.com/album/user/938/33/SEpdQRkDYA/index/cover

邛崃,1147人去过,https://pic.qyer.com/album/user/2138/93/Q0hWShMEZ08/index/cover

乐清,1137人去过,https://pic.qyer.com/album/user/938/39/SEpdQRMAYA/index/cover

建德,1131人去过,https://pic.qyer.com/album/user/938/28/SEpdQBIEZQ/index/cover

仙居,1124人去过,https://pic.qyer.com/album/user/938/26/SEpdQBwHZA/index/cover

石林,1117人去过,https://pic.qyer.com/album/user/3355/94/QkpQRxMDZ08/index/cover

泰顺,1112人去过,https://pic.qyer.com/album/user/938/23/SEpdQBkAaQ/index/cover

阳澄湖,1101人去过,https://pic.qyer.com/album/user/938/24/SEpdQB4DYA/index/cover

东阳,1097人去过,https://pic.qyer.com/album/user/938/41/SEpdRhsEaQ/index/cover

茂县,1093人去过,https://pic.qyer.com/album/user/938/24/SEpdQB4GYQ/index/cover

延安,1079人去过,https://pic.qyer.com/album/user/938/24/SEpdQB4AYQ/index/cover

埔里,1070人去过,https://pic.qyer.com/album/user/3590/54/QkxcQh8DY0s/index/cover

宁海,1069人去过,https://pic.qyer.com/album/user/938/41/SEpdRhsEYg/index/cover

云林县,1051人去过,https://pic.qyer.com/album/user/786/58/RkFTRxIDaA/index/cover

城市,景点热度,图片链接

巩义,1047人去过,https://pic.qyer.com/album/user/3719/47/Qk5USx4AZUo/index/cover

三清山,1044人去过,https://pic.qyer.com/album/user/938/24/SEpdQB4BYA/index/cover

澎湖,1038人去过,https://pic.qyer.com/album/user/446/32/RU1TQRgAYQ/index/cover

连州,1025人去过,https://pic.qyer.com/album/user/938/22/SEpdQBgFZQ/index/cover

理塘,1016人去过,https://pic.qyer.com/album/user/938/34/SEpdQR4HaA/index/cover

五台山,1016人去过,https://pic.qyer.com/album/user/938/31/SEpdQRsDZQ/index/cover

德钦,1016人去过,https://pic.qyer.com/album/user/938/33/SEpdQRkAZQ/index/cover

石狮,996人去过,https://pic.qyer.com/album/user/938/23/SEpdQBkOYQ/index/cover

墨脱,987人去过,https://pic.qyer.com/album/user/391/99/QkBUSxMAZw/index/cover

张家口,979人去过,https://pic.qyer.com/album/user/938/25/SEpdQB8AYQ/index/cover

泸定,978人去过,https://pic.qyer.com/album/user/938/34/SEpdQR4HZg/index/cover

廊坊,968人去过,https://pic.qyer.com/album/user/938/37/SEpdQR0BZw/index/cover

栾川,963人去过,https://pic.qyer.com/album/user/938/41/SEpdRhsGYw/index/cover

慈溪,957人去过,https://pic.qyer.com/album/user/938/22/SEpdQBgBYQ/index/cover

惠东,956人去过,https://pic.qyer.com/album/user/938/29/SEpdQBMBYw/index/cover

城市,景点热度,图片链接

东海县,950人去过,https://pic.qyer.com/album/user/938/24/SEpdQB4HZg/index/cover

若尔盖,948人去过,https://pic.qyer.com/album/user/938/31/SEpdQRsAYQ/index/cover

定日,947人去过,https://pic.qyer.com/album/user/938/33/SEpdQRkEYg/index/cover

武功山,939人去过,https://pic.qyer.com/album/user/938/34/SEpdQR4AZA/index/cover

丰宁,935人去过,https://pic.qyer.com/album/user/938/27/SEpdQB0FZA/index/cover

礁溪,932人去过,https://pic.qyer.com/album/user/2703/28/Q05VQRgPY0g/index/cover

安顺,930人去过,https://pic.qyer.com/album/user/938/26/SEpdQBwFYQ/index/cover

龙脊梯田,921人去过,https://pic.qyer.com/album/user/938/38/SEpdQRIGaA/index/cover

格尔木,917人去过,https://pic.qyer.com/album/user/938/37/SEpdQR0OZA/index/cover

新都桥,905人去过,https://pic.qyer.com/album/user/938/26/SEpdQBwEYA/index/cover

雅安,893人去过,https://pic.qyer.com/album/user/938/30/SEpdQRoEYg/index/cover

湛江,890人去过,https://pic.qyer.com/album/user/938/22/SEpdQBgFaQ/index/cover

米林,889人去过,https://pic.qyer.com/album/user/938/24/SEpdQB4HaQ/index/cover

湟中,879人去过,https://pic.qyer.com/album/user/938/29/SEpdQBMFaQ/index/cover

阿尔山,874人去过,https://pic.qyer.com/album/user/938/32/SEpdQRgCYw/index/cover

城市,景点热度,图片链接

博乐,874人去过,https://pic.qyer.com/album/user/938/29/SEpdQBMGaQ/index/cover

雪乡,871人去过,https://pic.qyer.com/album/user/938/25/SEpdQB8FZg/index/cover

陈巴尔虎旗,865人去过,https://pic.qyer.com/album/user/938/29/SEpdQBMAYQ/index/cover

恩施,861人去过,https://pic.qyer.com/album/user/938/42/SEpdRhgFYg/index/cover

太仓,851人去过,https://pic.qyer.com/album/user/938/21/SEpdQBsGaQ/index/cover

琉球屿,848人去过,https://pic.qyer.com/album/user/509/51/RElcRxsCYw/index/cover

潍坊,847人去过,https://pic.qyer.com/album/user/3477/68/Qk1SRRwPY0s/index/cover

塔什库尔干,847人去过,https://pic.qyer.com/album/user/938/27/SEpdQB0GZw/index/cover

瑞穗乡,847人去过,https://pic.qyer.com/album/user/3256/39/QktQRBkOYEk/index/cover

登封,841人去过,https://pic.qyer.com/album/user/938/40/SEpdRhoDYg/index/cover

平湖,839人去过,https://pic.qyer.com/album/user/938/33/SEpdQRkBZA/index/cover

张家港,829人去过,https://pic.qyer.com/album/user/938/23/SEpdQBkAYw/index/cover

中卫,827人去过,https://pic.qyer.com/album/user/938/30/SEpdQRoDaA/index/cover

大柴旦行政区,823人去过,https://static.qyer.com/images/place/no/poi_200_133.png

龙门,811人去过,https://pic.qyer.com/album/user/3523/48/QkxXQR4PaUE/index/cover

城市,景点热度,图片链接

新沂,806人去过,https://pic.qyer.com/album/user/938/35/SEpdQR8BZg/index/cover

普兰,802人去过,https://pic.qyer.com/album/user/938/41/SEpdRhsFZA/index/cover

温岭,795人去过,https://pic.qyer.com/album/user/938/23/SEpdQBkOYA/index/cover

双廊,794人去过,https://pic.qyer.com/album/user/938/21/SEpdQBsBaQ/index/cover

桃花岛,779人去过,https://pic.qyer.com/album/user/853/94/SUxWSx4CaQ/index/cover

东极岛,775人去过,https://pic.qyer.com/album/user/938/35/SEpdQR8OYg/index/cover

包头,763人去过,https://pic.qyer.com/album/user/938/22/SEpdQBgBYg/index/cover

诸暨,754人去过,https://pic.qyer.com/album/user/938/32/SEpdQRgHaA/index/cover

临海,753人去过,https://pic.qyer.com/album/user/938/24/SEpdQB4EYg/index/cover

珠穆朗玛峰自然保护区,750人去过,https://pic.qyer.com/album/user/863/22/SU9WQBgPYA/index/cover

夏河,750人去过,https://pic.qyer.com/album/user/3531/44/QkxWQx4DYUs/index/cover

丹巴,748人去过,https://pic.qyer.com/album/user/938/36/SEpdQRwAaA/index/cover

瓜州,748人去过,https://pic.qyer.com/album/user/938/31/SEpdQRsBaQ/index/cover

昌都,738人去过,https://pic.qyer.com/album/user/938/30/SEpdQRoPZg/index/cover

巢湖,733人去过,https://pic.qyer.com/album/user/938/27/SEpdQB0CYA/index/cover

城市,景点热度,图片链接

崂山,728人去过,https://pic.qyer.com/album/user/861/28/SU9UQBIBZQ/index/cover

揭阳,726人去过,https://pic.qyer.com/album/user/938/26/SEpdQBwDaQ/index/cover

丰城,723人去过,https://pic.qyer.com/album/user/938/36/SEpdQRwCaQ/index/cover

太湖,721人去过,https://pic.qyer.com/album/user/3618/62/Qk9UShwFZks/index/cover

扎兰屯,717人去过,https://pic.qyer.com/album/user/938/41/SEpdRhsBZw/index/cover

江门,714人去过,https://pic.qyer.com/album/user/938/33/SEpdQRkCYA/index/cover

凯里,708人去过,https://pic.qyer.com/album/user/938/23/SEpdQBkGYQ/index/cover

松潘,704人去过,https://pic.qyer.com/album/user/938/36/SEpdQRwHaA/index/cover

库尔勒,703人去过,https://pic.qyer.com/album/user/938/28/SEpdQBIHYQ/index/cover

黄龙,700人去过,https://pic.qyer.com/album/user/938/36/SEpdQRwDYw/index/cover

沙坡头,700人去过,https://pic.qyer.com/album/user/938/26/SEpdQBwDZg/index/cover

柳州,700人去过,https://pic.qyer.com/album/user/938/33/SEpdQRkHZQ/index/cover

正定,697人去过,https://pic.qyer.com/album/user/938/33/SEpdQRkFYQ/index/cover

巴音布鲁克,695人去过,https://pic.qyer.com/album/user/938/35/SEpdQR8CZg/index/cover

仪征,694人去过,https://pic.qyer.com/album/user/938/25/SEpdQB8PYA/index/cover

城市,景点热度,图片链接

楠溪江,693人去过,https://pic.qyer.com/album/user/938/21/SEpdQBsGZg/index/cover

遵义,690人去过,https://pic.qyer.com/album/user/938/22/SEpdQBgDYw/index/cover

库车,687人去过,https://pic.qyer.com/album/user/938/42/SEpdRhgDaA/index/cover

湟源,683人去过,https://pic.qyer.com/album/user/938/25/SEpdQB8OZw/index/cover

武义,676人去过,https://pic.qyer.com/album/user/938/40/SEpdRhoGYA/index/cover

根河,675人去过,https://pic.qyer.com/album/user/938/32/SEpdQRgOaQ/index/cover

中坜,672人去过,https://static.qyer.com/images/place/no/poi_200_133.png

启东,669人去过,https://pic.qyer.com/album/user/3653/30/Qk9QQRkHYEg/index/cover

曲阜,668人去过,https://pic.qyer.com/album/user/861/47/SU9URh0CYA/index/cover

额济纳旗,666人去过,https://pic.qyer.com/album/user/938/29/SEpdQBMGYg/index/cover

乳源,664人去过,https://pic.qyer.com/album/user/3266/24/QktTRBgDYEo/index/cover

兴城,661人去过,https://pic.qyer.com/album/user/938/29/SEpdQBMCYA/index/cover

盐城,659人去过,https://pic.qyer.com/album/user/938/22/SEpdQBgCYw/index/cover

八宿,658人去过,https://pic.qyer.com/album/user/3183/61/QkhdQRwGZkE/index/cover

赤峰,657人去过,https://pic.qyer.com/album/user/1293/92/QEtcQRMFZkA/index/cover

城市,景点热度,图片链接

郎木寺,657人去过,https://pic.qyer.com/album/user/938/36/SEpdQRwGZw/index/cover

犍为,654人去过,https://pic.qyer.com/album/user/938/37/SEpdQR0BYQ/index/cover

兰屿,652人去过,https://pic.qyer.com/album/user/494/60/RUBRRBoHYw/index/cover

马祖,649人去过,https://pic.qyer.com/album/user/778/9/Rk5dQhMHYg/index/cover

山海关,644人去过,https://pic.qyer.com/album/user/874/83/SU5RShkDYg/index/cover

阳江,642人去过,https://pic.qyer.com/album/user/938/34/SEpdQR4AYQ/index/cover

德清,637人去过,https://pic.qyer.com/album/user/938/41/SEpdRhsCZw/index/cover

临汾,634人去过,https://pic.qyer.com/album/user/938/21/SEpdQBsDZA/index/cover

英德,632人去过,https://pic.qyer.com/album/user/938/25/SEpdQB8OaA/index/cover

郴州,631人去过,https://pic.qyer.com/album/user/938/37/SEpdQR0GYA/index/cover

乌兰察布,619人去过,https://pic.qyer.com/album/user/938/33/SEpdQRkEZw/index/cover

梵净山,618人去过,https://pic.qyer.com/album/user/938/39/SEpdQRMHZQ/index/cover

文昌,618人去过,https://pic.qyer.com/album/user/938/23/SEpdQBkPZQ/index/cover

黑水县,616人去过,https://pic.qyer.com/album/user/1991/73/QEBcQx0EYk4/index/cover

海拉尔,609人去过,https://pic.qyer.com/album/user/938/34/SEpdQR4CZQ/index/cover

城市,景点热度,图片链接

山南,602人去过,https://pic.qyer.com/album/user/938/25/SEpdQB8PZQ/index/cover

番禺,594人去过,https://pic.qyer.com/album/user/938/22/SEpdQBgHYQ/index/cover

陵水,589人去过,https://pic.qyer.com/album/user/938/31/SEpdQRsAYg/index/cover

如皋,580人去过,https://pic.qyer.com/album/user/938/36/SEpdQRwEYg/index/cover

咸阳,579人去过,https://pic.qyer.com/album/user/861/47/SU9URh0OZg/index/cover

喜洲,575人去过,https://pic.qyer.com/album/user/3585/61/QkxdRxwGYkA/index/cover

新昌,575人去过,https://pic.qyer.com/album/user/938/22/SEpdQBgHYA/index/cover

马尔康,574人去过,https://pic.qyer.com/album/user/938/21/SEpdQBsGZA/index/cover

那曲,573人去过,https://pic.qyer.com/album/user/938/40/SEpdRhoCYQ/index/cover

灌云,570人去过,https://pic.qyer.com/album/user/3699/81/Qk9cSxIGZk0/index/cover

休宁,558人去过,https://pic.qyer.com/album/user/938/27/SEpdQB0HZQ/index/cover

建水,557人去过,https://pic.qyer.com/album/user/863/21/SU9WQBsFZA/index/cover

金川,556人去过,https://pic.qyer.com/album/user/1260/21/QEtTQhgGZ0E/index/cover

井陉,556人去过,https://pic.qyer.com/album/user/938/41/SEpdRhsGYg/index/cover

可可西里,554人去过,https://pic.qyer.com/album/user/938/22/SEpdQBgAZQ/index/cover

城市,景点热度,图片链接

束河,547人去过,https://pic.qyer.com/album/user/3585/71/QkxdRx0GZ08/index/cover

天水,546人去过,https://pic.qyer.com/album/user/938/29/SEpdQBMFYA/index/cover

迭部,546人去过,https://pic.qyer.com/album/user/938/42/SEpdRhgEYg/index/cover

绵阳,544人去过,https://pic.qyer.com/album/user/938/41/SEpdRhsGYQ/index/cover

阿拉善盟,530人去过,https://pic.qyer.com/album/user/938/26/SEpdQBwHZg/index/cover

农安,530人去过,https://pic.qyer.com/album/user/3693/84/Qk9cQRIDaUE/index/cover

兴隆,529人去过,https://pic.qyer.com/album/user/938/27/SEpdQB0CZw/index/cover

德令哈,529人去过,https://pic.qyer.com/album/user/938/31/SEpdQRsBZA/index/cover

吉首,528人去过,https://pic.qyer.com/album/user/938/35/SEpdQR8OYw/index/cover

西递,527人去过,https://pic.qyer.com/album/user/938/29/SEpdQBMGZQ/index/cover

新源,524人去过,https://pic.qyer.com/album/user/938/34/SEpdQR4FZw/index/cover

淳安,524人去过,https://pic.qyer.com/album/user/938/33/SEpdQRkPZw/index/cover

拉孜,523人去过,https://pic.qyer.com/album/user/938/35/SEpdQR8EZA/index/cover

西岭雪山,521人去过,https://pic.qyer.com/album/user/938/35/SEpdQR8AZQ/index/cover

汕尾,520人去过,https://pic.qyer.com/album/user/938/40/SEpdRhoCYw/index/cover

城市,景点热度,图片链接

巽寮湾,518人去过,https://pic.qyer.com/album/user/938/37/SEpdQR0AYQ/index/cover

岳阳,517人去过,https://pic.qyer.com/album/user/938/29/SEpdQBMCZw/index/cover

普洱,516人去过,https://pic.qyer.com/album/user/2393/24/Q0pcQRgDYUE/index/cover

龙海,515人去过,https://pic.qyer.com/album/user/3367/65/QkpTRRwCaEg/index/cover

霞浦,513人去过,https://pic.qyer.com/album/user/938/24/SEpdQB4OZw/index/cover

剑川,508人去过,https://pic.qyer.com/album/user/938/41/SEpdRhsDZw/index/cover

阿克苏,504人去过,https://pic.qyer.com/album/user/938/32/SEpdQRgFYg/index/cover

连南,500人去过,https://pic.qyer.com/album/user/938/33/SEpdQRkAYQ/index/cover

唐山,499人去过,https://pic.qyer.com/album/user/861/47/SU9URh0BZw/index/cover

野三坡,498人去过,https://pic.qyer.com/album/user/938/32/SEpdQRgGZw/index/cover

红原,489人去过,https://pic.qyer.com/album/user/938/32/SEpdQRgPYA/index/cover

鱼池乡,487人去过,https://static.qyer.com/images/place/no/poi_200_133.png

勐腊,485人去过,https://pic.qyer.com/album/user/938/29/SEpdQBMPYA/index/cover

南靖,484人去过,https://pic.qyer.com/album/user/938/25/SEpdQB8CaQ/index/cover

吐鲁番市,484人去过,https://pic.qyer.com/album/user/3341/3/QkpRQxoEYEg/index/cover

城市,景点热度,图片链接

睢宁,482人去过,https://pic.qyer.com/album/user/938/22/SEpdQBgEYQ/index/cover

涞水,481人去过,https://pic.qyer.com/album/user/2050/82/Q0lQQhIFZUA/index/cover

普者黑,475人去过,https://pic.qyer.com/album/user/938/36/SEpdQRwHYw/index/cover

甘孜县,475人去过,https://pic.qyer.com/album/user/938/31/SEpdQRsBZQ/index/cover

南浔,472人去过,https://pic.qyer.com/album/user/938/32/SEpdQRgCaA/index/cover

元阳,472人去过,https://pic.qyer.com/album/user/938/33/SEpdQRkDYQ/index/cover

南戴河,470人去过,https://pic.qyer.com/album/user/938/21/SEpdQBsBYg/index/cover

西昌,468人去过,https://pic.qyer.com/album/user/938/21/SEpdQBsOaQ/index/cover

榆林,464人去过,https://pic.qyer.com/album/user/938/29/SEpdQBMFYg/index/cover

巴塘,462人去过,https://pic.qyer.com/album/user/3359/2/QkpQSxoFZ08/index/cover

佛冈,461人去过,https://pic.qyer.com/album/user/938/27/SEpdQB0HYA/index/cover

宽甸,458人去过,https://pic.qyer.com/album/user/938/21/SEpdQBsGaA/index/cover

澄江,457人去过,https://pic.qyer.com/album/user/938/41/SEpdRhsPYw/index/cover

聂拉木,456人去过,https://pic.qyer.com/album/user/2613/10/Q09UQRsHYEg/index/cover

鄂尔多斯,454人去过,https://pic.qyer.com/album/user/938/40/SEpdRhoFYw/index/cover

城市,景点热度,图片链接

大兴安岭,450人去过,https://pic.qyer.com/album/user/938/32/SEpdQRgEYA/index/cover

伊宁市,448人去过,https://pic.qyer.com/album/user/3092/37/QklcQBkAaEs/index/cover

宜宾,447人去过,https://pic.qyer.com/album/user/938/36/SEpdQRwGYg/index/cover

宝鸡,446人去过,https://pic.qyer.com/album/user/938/28/SEpdQBIGaA/index/cover

南澳岛,442人去过,https://pic.qyer.com/album/user/938/32/SEpdQRgCZw/index/cover

察隅,441人去过,https://pic.qyer.com/album/user/938/38/SEpdQRIGYA/index/cover

牙克石,440人去过,https://pic.qyer.com/album/user/938/28/SEpdQBIFYA/index/cover

德阳,438人去过,https://pic.qyer.com/album/user/938/30/SEpdQRoBYA/index/cover

哈密,434人去过,https://pic.qyer.com/album/user/938/32/SEpdQRgEYw/index/cover

徽州,434人去过,https://pic.qyer.com/album/user/938/40/SEpdRhoDYA/index/cover

昭苏,434人去过,https://pic.qyer.com/album/user/938/29/SEpdQBMGYw/index/cover

平山,433人去过,https://pic.qyer.com/album/user/938/39/SEpdQRMEYA/index/cover

札达,432人去过,https://pic.qyer.com/album/user/938/32/SEpdQRgHYw/index/cover

西江苗寨,432人去过,https://pic.qyer.com/album/user/1749/29/QE5RSxgOaU4/index/cover

琼海,432人去过,https://pic.qyer.com/album/user/938/40/SEpdRhoDYw/index/cover

城市,景点热度,图片链接

新郑,431人去过,https://pic.qyer.com/album/user/938/21/SEpdQBsEYQ/index/cover

福清,431人去过,https://pic.qyer.com/album/user/938/33/SEpdQRkAZw/index/cover

黔西南州,423人去过,https://pic.qyer.com/album/user/938/34/SEpdQR4PaA/index/cover

冈仁波齐,422人去过,https://pic.qyer.com/album/user/938/22/SEpdQBgGYw/index/cover

肇兴侗寨,422人去过,https://pic.qyer.com/album/user/860/3/SU9VQhkCaA/index/cover

洱源,421人去过,https://pic.qyer.com/album/user/938/37/SEpdQR0BaA/index/cover

亚丁神山,416人去过,https://pic.qyer.com/album/user/938/33/SEpdQRkAZg/index/cover

雨崩,416人去过,https://pic.qyer.com/album/user/938/34/SEpdQR4FZQ/index/cover

连江,415人去过,https://pic.qyer.com/album/user/938/42/SEpdRhgHYw/index/cover

闽侯,415人去过,https://pic.qyer.com/album/user/3717/19/Qk5URRsOZ0s/index/cover

铜仁,413人去过,https://pic.qyer.com/album/user/938/40/SEpdRhoEYg/index/cover

汉中,411人去过,https://pic.qyer.com/album/user/938/40/SEpdRhoEaQ/index/cover

和顺,409人去过,https://pic.qyer.com/album/user/938/32/SEpdQRgPYw/index/cover

喀什市,407人去过,https://static.qyer.com/images/place/no/poi_200_133.png

惠安,404人去过,https://pic.qyer.com/album/user/938/29/SEpdQBMHYw/index/cover

城市,景点热度,图片链接

芜湖,403人去过,https://pic.qyer.com/album/user/938/23/SEpdQBkEZg/index/cover

哈巴河,402人去过,https://pic.qyer.com/album/user/938/41/SEpdRhsHYw/index/cover

安图,401人去过,https://pic.qyer.com/album/user/938/39/SEpdQRMFZw/index/cover

永嘉,400人去过,https://pic.qyer.com/album/user/938/42/SEpdRhgHZg/index/cover

武隆,399人去过,https://pic.qyer.com/album/user/938/21/SEpdQBsFYQ/index/cover

无锡灵山,392人去过,https://pic.qyer.com/album/user/938/32/SEpdQRgDYg/index/cover

崇左,389人去过,https://pic.qyer.com/album/user/938/29/SEpdQBMFZw/index/cover

武当山,386人去过,https://pic.qyer.com/album/user/938/28/SEpdQBIBYQ/index/cover

襄阳,384人去过,https://pic.qyer.com/album/user/938/26/SEpdQBwPZg/index/cover

安溪,383人去过,https://pic.qyer.com/album/user/938/40/SEpdRhoCaQ/index/cover

锡林郭勒盟,381人去过,https://pic.qyer.com/album/user/2380/62/Q0pdQhwFYEA/index/cover

德天瀑布,381人去过,https://pic.qyer.com/album/user/876/6/SU5TQhwCZg/index/cover

从化,381人去过,https://pic.qyer.com/album/user/883/57/SUFWRx0FZg/index/cover

特克斯,379人去过,https://pic.qyer.com/album/user/938/31/SEpdQRsFYg/index/cover

宁蒗,378人去过,https://pic.qyer.com/album/user/938/39/SEpdQRMGYA/index/cover

